{
    "center_x": 39.659338643481064,
    "center_y": 27.815850433347823,
    "animal_coords": {
        "animal_coords_1": {
            "x": 39.65035340132539,
            "y": 27.88828430123463,
            "name": "Hayvan1",
            "temperature": 17,
            "distance_metre": 5897.129297684838
        },
        "animal_coords_2": {
            "x": 39.64936999155435,
            "y": 27.895140146217514,
            "name": "Hayvan2",
            "temperature": 19,
            "distance_metre": 6610.523332145038
        },
        "animal_coords_3": {
            "x": 39.65463236637278,
            "y": 27.89057798717099,
            "name": "Hayvan3",
            "temperature": 21,
            "distance_metre": 6573.807418950436
        },
        "animal_coords_4": {
            "x": 39.648198245949374,
            "y": 27.892329107048774,
            "name": "Hayvan4",
            "temperature": 23,
            "distance_metre": 6334.010684252455
        },
        "animal_coords_5": {
            "x": 39.65311809905284,
            "y": 27.88881733674181,
            "name": "Hayvan5",
            "temperature": 25,
            "distance_metre": 6175.940700551297
        }
    },
    "camera_coords": [
        [
            39.65773894064233,
            27.817850433347672
        ],
        [
            39.661738197739155,
            27.817850433347672
        ],
        [
            39.661738197739155,
            27.812850433348054
        ],
        [
            39.65773894064233,
            27.812850433348054
        ]
    ]
}