{
    "center_x": 39.659338643481064,
    "center_y": 27.815850433347823,
    "animal_coords": {
        "animal_coords_1": {
            "x": 39.651522236140764,
            "y": 27.883982978820757,
            "name": "Hayvan1",
            "temperature": 17,
            "distance_metre": 5897.129297684838
        },
        "animal_coords_2": {
            "x": 39.65125684170744,
            "y": 27.89235147094723,
            "name": "Hayvan2",
            "temperature": 19,
            "distance_metre": 6610.523332145038
        },
        "animal_coords_3": {
            "x": 39.649166824658394,
            "y": 27.891493164062446,
            "name": "Hayvan3",
            "temperature": 21,
            "distance_metre": 6573.807418950436
        },
        "animal_coords_4": {
            "x": 39.65125684170744,
            "y": 27.88908990478512,
            "name": "Hayvan4",
            "temperature": 23,
            "distance_metre": 6334.010684252455
        },
        "animal_coords_5": {
            "x": 39.653778047361186,
            "y": 27.887630783080997,
            "name": "Hayvan5",
            "temperature": 25,
            "distance_metre": 6175.940700551297
        }
    },
    "camera_coords": [
        [
            39.65773894064233,
            27.817850433347672
        ],
        [
            39.661738197739155,
            27.817850433347672
        ],
        [
            39.661738197739155,
            27.812850433348054
        ],
        [
            39.65773894064233,
            27.812850433348054
        ]
    ]
}