{
    "center_x": 39.659338643481064,
    "center_y": 27.815850433347823,
    "animal_coords": {
        "animal_coords_1": {
            "x": 39.64998082985224,
            "y": 27.88926945559886,
            "name": "Hayvan1",
            "temperature": 17,
            "distance_metre": 6370.9146596377905
        },
        "animal_coords_2": {
            "x": 39.64908887268665,
            "y": 27.89619666120826,
            "name": "Hayvan2",
            "temperature": 19,
            "distance_metre": 6972.228786977625
        },
        "animal_coords_3": {
            "x": 39.65400256456061,
            "y": 27.891150986070407,
            "name": "Hayvan3",
            "temperature": 21,
            "distance_metre": 6473.505066478515
        },
        "animal_coords_4": {
            "x": 39.647411394002695,
            "y": 27.893777339583615,
            "name": "Hayvan4",
            "temperature": 23,
            "distance_metre": 6801.957059710835
        },
        "animal_coords_5": {
            "x": 39.65151896210494,
            "y": 27.88739814813482,
            "name": "Hayvan5",
            "temperature": 25,
            "distance_metre": 6186.505485341497
        }
    },
    "camera_coords": [
        [
            39.65773894064233,
            27.817850433347672
        ],
        [
            39.661738197739155,
            27.817850433347672
        ],
        [
            39.661738197739155,
            27.812850433348054
        ],
        [
            39.65773894064233,
            27.812850433348054
        ]
    ]
}